{
  "initialFunding": {
    "WMNT": 1.195793540372516,
    "USDT": 0.676892,
    "MNT_gas": 3.255073,
    "timestamp": "2026-05-22T07:30:00Z",
    "mntPriceUsd": 0.677
  },
  "position": "SPLIT",
  "cycleCount": 272,
  "totalSwaps": 4,
  "totalGasSpent": 0.0349540199079
}